Ticker,Date,Close,RSI,ATR_Pct,Overext,RR,MomCons,VolSurge,ML_Prob,PassesCore,PassesSpec,Tech_Score,Final_Score,R_5d,Excess_5d,R_10d,Excess_10d,R_20d,Excess_20d,Fund_Score
V,2025-09-23,338.03045654296875,42.595008837587535,0.018193503040046567,-0.018487561076976133,10.0,0.5,1.7461672878773533,0.5,True,True,39.0392959838187,31.471612791100284,0.7912549196132934,0.34343739503923665,4.0507802858318565,3.1596639050883057,2.5125440320849846,1.2942337250943847,
V,2025-09-26,336.70306396484375,42.63583577831552,0.016774705008607584,-0.02041650769904635,5.905734623289388,0.5,1.603174616401907,0.5,True,True,38.52519369657902,31.18885653311846,3.6962369367917525,2.5796169243028855,1.8614556253798709,3.1911204429407203,2.9670755761352696,0.6356270697406519,
V,2025-09-19,340.9346618652344,47.65871749417809,0.01709761280420349,-0.010865647870863304,2.9140571608810695,0.5,2.411703755307563,0.5,True,True,38.52283802918317,31.187560916050746,-1.2411756191757606,-0.9579143794236522,2.409184525929553,1.5789887048834883,0.08197464550530054,-0.021988354150481726,
V,2025-09-18,337.511474609375,40.173700226604666,0.017085159551596455,-0.02157028348672707,10.0,0.5,1.4228138693444539,0.5,True,True,37.838363981979626,30.811100190088794,-0.9610314174792967,-0.6008067359058789,2.297592602103382,0.9664950313788667,-0.8220477891738298,-0.8539964967575697,
AAPL,2025-09-10,226.5703582763672,36.53614544395304,0.01935082278736288,0.030326011404697262,6.873019079867144,0.42857142857142855,1.709741395897029,0.5,True,True,37.429185241447186,30.586051882795953,5.379433566252256,4.310757064682513,11.252701027678524,9.608625922564308,13.7880926139752,10.297479345630233,
AMZN,2025-09-30,219.57000732421875,34.742483337398696,0.02056942754252087,-0.033199736188160744,10.0,0.35714285714285715,1.0449896092452184,0.5,False,True,36.6759505226257,30.171772787444134,1.006508804189643,0.5651862676785413,-1.4482888502502456,-0.8553541703650636,4.408613359240676,1.274324561562179,
V,2025-09-16,339.3578186035156,40.33318789207379,0.015170930363693463,-0.0177341986441526,6.151751408811475,0.42857142857142855,1.0754248771647554,0.5,True,True,36.3337254679836,29.98354900739098,-0.39113937790179465,-1.1561013203728376,0.39702063214130945,-0.819184468538503,2.455666449072247,1.839607330098092,
NVDA,2025-09-17,170.2899932861328,36.28116687358006,0.03038809769497463,-0.02701730136189151,3.49751301653181,0.35714285714285715,1.1433023418361412,0.5,False,True,36.28074402803947,29.954409215421713,3.9227248798736625,3.3534104063279946,9.953616110930664,8.26618309005982,5.6022132368588995,4.413752096220702,
AMZN,2025-09-26,219.77999877929688,31.612573899353166,0.02225927416818493,-0.03344038000049798,10.0,0.35714285714285715,0.9269548016588557,0.5,False,True,36.211030606650354,29.916066833657695,-0.12285206750414224,-1.2394720799930092,-1.5515532264306242,-0.2218884088697748,2.0156556370804823,-0.3157928693141354,
AMZN,2025-09-22,227.6300048828125,40.82069022586946,0.02205647708246589,-0.0006979913482748623,4.633170751209371,0.5,1.165379316506408,0.5,True,True,36.182457006473875,29.900351353560634,-2.3986322526672543,-1.9247503540972377,-2.956557062761933,-3.671864828342064,-4.898303789526182,-5.567124009951652,
MSFT,2025-09-10,500.3699951171875,41.31695598979191,0.014148112949482103,-0.017402115604741697,3.9576390625355184,0.5714285714285714,1.018622603243013,0.5,True,True,36.04572075615692,29.825146415886305,1.928571655105804,0.859895153536061,1.9545534054267844,0.3104783003125666,4.892375783447367,1.4017625151024005,
AMZN,2025-09-29,222.1699981689453,40.251227191664604,0.021868712129405492,-0.022589077172091576,3.9975100111973583,0.35714285714285715,0.9656163671660065,0.5,False,True,36.0371497972636,29.820432388494982,-0.5716362618390924,-1.766488112624831,-0.9452180141486299,-0.848783790501606,2.160509110734088,-1.088044077025807,
NVDA,2025-09-08,168.30050659179688,30.297332695068064,0.03248680925462853,-0.02476929431965824,10.0,0.35714285714285715,0.9066091154658334,0.5,False,True,35.86951529145308,29.728233410299193,5.61465535639909,3.7528474583060634,9.096522837977528,6.035813700006165,10.2432767693025,6.445366375605288,
V,2025-09-24,338.0104675292969,42.56066025182759,0.01787821823501666,-0.01810567446516631,10.0,0.42857142857142855,0.901697110531228,0.5,True,True,35.64995867607989,29.60747727184394,2.7016609986685536,1.5898720268750832,3.743948474922232,1.9272777429379495,1.97235861160876,0.9588943165763864,
AMZN,2025-09-23,220.7100067138672,28.78841710477866,0.02435970188469056,-0.030653131037181924,,0.42857142857142855,1.696912475067192,0.5,True,True,35.607243831384224,29.583984107261326,-0.5165145915320246,-0.9643321161060814,0.484795447818942,-0.4063209329246087,0.598066252220697,-0.6202440547699029,
V,2025-09-15,338.3797302246094,37.096944197586794,0.01497882311784629,-0.021468888536872677,10.0,0.42857142857142855,0.8625269323664342,0.5,True,True,35.59417438557191,29.576795912064554,1.5661397649915587,0.38915178037048914,0.3273891739260737,-0.3701393791175178,1.2535052448916284,0.6530835717398986,
AMZN,2025-09-19,231.47999572753906,51.123517912219235,0.02267706624094937,0.016436500873714177,1.1009788986334188,0.5,2.513374802406027,0.5,True,True,35.52807965214866,29.540443808681765,-5.054431123289604,-4.771169883537496,-5.171073717658214,-6.001269538704279,-7.966132184964636,-8.070095184620417,
MSFT,2025-09-08,498.20001220703125,35.8171205666514,0.014786838216913283,-0.021392044202199867,9.428522382650822,0.42857142857142855,0.785208986806045,0.5,True,True,35.282597273290165,29.405428500309593,3.4443943645268815,1.5825864664338551,3.2617421922597645,0.201033054288402,6.095944273997134,2.298033880299921,
JPM,2025-09-08,291.4928283691406,39.52904999911503,0.017240776781109437,0.0005170540150707392,3.256714450486077,0.5,1.1686262700791856,0.5,True,True,35.267050800447905,29.39687794024635,5.459011895029087,3.5972039969360603,6.667579599182849,3.6068704612114866,6.067787123819723,2.269876730122511,
META,2025-09-26,743.75,34.78132912331955,0.021508073305092537,-0.00911538546726387,3.937641132534306,0.42857142857142855,0.8894696600333082,0.5,True,True,35.25650956319231,29.39108025975577,-4.462521336659664,-5.579141349148531,-5.169749540441182,-3.8400847228803325,-0.7247078518907601,-3.056156358285378,
META,2025-09-29,743.4000244140625,34.532941467424365,0.021291387908167092,-0.010625476166096992,4.134326284491622,0.35714285714285715,0.8475503733720255,0.5,False,True,35.208965778471004,29.364931178159054,-3.7315106750763882,-4.926362525862126,-3.726124737332903,-3.6296905136858792,0.9981144291735244,-2.2504387585863705,
MSFT,2025-09-02,505.1199951171875,40.23725615265072,0.014390895466934815,-0.006084418030511185,7.549189992568739,0.2857142857142857,0.8659392070360427,0.5,False,True,35.146289369059495,29.330459152982723,-1.3283955337229147,-2.8996043676012273,0.7760558809050799,-2.305450882050275,2.53999390518429,-1.7951954008797122,
V,2025-09-12,338.7590026855469,37.78569335756384,0.014730577552430511,-0.021455437924334242,9.427314317725596,0.42857142857142855,0.6908699250770486,0.5,True,True,34.90714283803821,29.19892856092102,0.6422439440545435,-0.5944398385974603,-0.6069030503704553,-1.556822547455794,1.243255344037708,1.6356314098611047,
MSFT,2025-09-11,501.010009765625,43.00087151365026,0.014184216432500783,-0.01652257335933105,3.4296928951537557,0.6428571428571429,0.8914905280075694,0.5,True,True,34.877270786994714,29.182498932847093,1.4850007577466906,0.7809592478881244,1.2015706066407894,0.8602899096426642,4.269378701324511,1.929051207734811,
MSFT,2025-09-09,498.4100036621094,36.324168675971414,0.01420937118822888,-0.02110584960709261,8.786323485980724,0.5,0.683952357560354,0.5,True,True,34.86898491845419,29.177941705149806,2.132783211554279,0.6458481377114911,2.1709049266101843,-0.09236657712778928,5.130309708626046,1.9557534410340027,
MSFT,2025-09-03,505.3500061035156,40.875522792111234,0.013276465638187622,-0.0064196226930353095,6.955108701665099,0.35714285714285715,0.7860802369239515,0.5,False,True,34.836909628486865,29.160300295667778,-0.9854577869161107,-2.3012082293058067,0.9241086086382078,-1.4743794511183461,2.8415980401114593,-1.2847959200379178,
NVDA,2025-09-04,171.65032958984375,33.17630631240935,0.029747330830596493,-0.002352554415960717,10.0,0.35714285714285715,0.8095786799402351,0.5,False,True,34.808891352239755,29.144890243731865,3.2156469447456093,1.9046351547571616,2.6738520772358942,0.6495687101882419,10.043481909413554,6.661155784918016,
MSFT,2025-09-05,495.0,28.273957067142135,0.01525552298247723,-0.02761794846762644,,0.35714285714285715,1.5023399225558767,0.5,False,True,34.7378981442523,29.105843979338765,3.010099777067543,1.4388086043735981,4.632321752683088,1.804914894226206,4.515146583017682,0.8340708899318372,
META,2025-09-03,736.5528564453125,37.70811873823467,0.02066540274932671,0.0001886086495639372,10.0,0.42857142857142855,0.7892362983297422,0.5,True,True,34.65128693383204,29.058207813607623,2.0256417098163615,0.7098912674266655,5.2465916818159375,2.8481036220593836,-2.6084794080586504,-6.734873368208028,
META,2025-09-04,748.1450805664062,50.1428576282407,0.02118576163564336,0.014926028957178872,3.053894835604513,0.42857142857142855,1.1624345571019772,0.5,True,True,34.56663116241795,29.011647139329874,0.30053985242961545,-1.0104719375588322,4.220929220372427,2.1966458533247746,-2.8196526745142503,-6.2019787990097885,
NVDA,2025-09-09,170.7503662109375,40.546409475407245,0.030862013820337084,-0.012062864787020677,3.315520829083194,0.42857142857142855,0.8675553100348177,0.5,True,True,34.510732178649725,28.98090269825735,2.418524049765969,0.931588975923181,4.497575399256637,2.2343038955186634,8.368724115966186,5.194167848374143,
META,2025-09-30,734.3800048828125,28.48373500981043,0.02178729910070905,-0.023199184375578663,,0.35714285714285715,1.4418919789493794,0.5,False,True,34.36354344706487,28.89994889588568,-2.9004041029640604,-3.341726639475162,-3.503633037075382,-2.9106983571902,2.32304766539988,-0.8112411322786173,
MSFT,2025-09-19,517.9299926757812,66.64974215207783,0.015550908744568949,0.013256314932471147,0.0,0.7142857142857143,2.415985233576486,0.5,True,True,34.30231055202586,28.866270803614224,-1.2492038136809103,-0.9659425739288019,-0.1119875462023745,-0.9421833672484392,-0.8398771354144241,-0.9438401350702064,
JPM,2025-09-05,292.9557189941406,42.498054604249454,0.016783444047632982,0.005919276727293532,1.6797206231413526,0.5714285714285714,1.4197403028477211,0.5,True,True,34.217047657341695,28.819376211537932,4.256408071484019,2.685116898790074,6.929818649225328,4.102411790768445,5.316257296027649,1.6351816029418043,
V,2025-09-29,339.487548828125,49.33530594135141,0.016649723482498408,-0.011840533729377545,2.0707445129152586,0.5,1.1684222624765475,0.5,True,True,34.21379847728582,28.817589162507204,2.681096781756165,1.4862449309704262,0.923093961271193,1.019528184918217,2.251884338541621,-0.996668849218274,
AMZN,2025-09-10,230.3300018310547,49.02663363964629,0.021494004567235825,0.0173272103197748,0.9439139681568559,0.5714285714285714,1.7040815427234635,0.5,True,True,34.129206623088834,28.77106364269886,0.5600630729291733,-0.5086134286405697,-4.393693846540425,-6.037768951654643,-2.2185562322444285,-5.709169500589395,
META,2025-09-08,751.7925415039062,53.4698533838295,0.019498308274036584,0.017942692097022928,2.193138414857293,0.42857142857142855,1.2880203322942474,0.5,True,True,33.94556666409504,28.670061665252273,1.6482821940302372,-0.21352570406278915,1.7780745222457872,-1.2826346157255752,-4.806188724231609,-8.604099117928822,
WMT,2025-09-19,102.33000183105469,52.42587260198107,0.01737376201943022,0.030991982113304894,0.3089164313864605,0.6428571428571429,1.9507993900597913,0.5,True,True,33.94413781450377,28.669275797977075,0.8111031136547986,1.094364353406907,-0.2540820205004235,-1.0842778415464882,5.277046251591222,5.17308325193544,
MSFT,2025-09-04,507.9700012207031,48.15320871226335,0.013095431020779865,-0.002000851122855307,3.440374857189909,0.35714285714285715,0.7565292382856134,0.5,False,True,33.91459231545599,28.653025773500797,-1.3701579696345334,-2.681169759622981,0.09449593188073369,-1.9297874351669186,1.5296157243537722,-1.852710400141766,
V,2025-09-30,340.70513916015625,52.15462352188617,0.01649606197295243,-0.007780870405989071,1.4899211135131034,0.5714285714285714,1.288045694668929,0.5,True,True,33.8735142270711,28.630432824889105,3.233936683116223,2.7926141466051213,2.050504889456728,2.64343956934191,1.6169683415581115,-1.5173204561203857,
WMT,2025-09-02,97.8499984741211,47.92177249889177,0.01733840408549059,-0.0009097774235136136,3.243246909027716,0.5,0.8134664726523544,0.5,True,True,33.873055504148084,28.630180527281446,4.537560051756695,2.9663512178783824,5.692386082455947,2.610879319500592,5.324475386528049,0.9892860804640469,
AMZN,2025-09-25,218.14999389648438,25.22209256111134,0.02315903636595059,-0.04095475311919505,,0.35714285714285715,1.172737786736795,0.5,False,True,33.819593740523025,28.600776557287666,1.9527893123143736,0.25535247356915924,4.396063197338562,2.4038155573785636,1.3476976959262865,-0.7357339926963746,
V,2025-09-10,337.4515686035156,28.65119509779558,0.015279867046189744,-0.026664504069185635,,0.42857142857142855,1.2480207968576345,0.5,True,True,33.692018309506096,28.530610070228356,2.3896929653804966,1.3210164638107535,0.1656234487497521,-1.4784516563644656,3.9157727802555664,0.4251595119106,
NVDA,2025-09-05,167.01058959960938,24.34604487830154,0.032117610585602564,-0.03075106940858341,,0.35714285714285715,1.2565263354665894,0.5,False,True,33.691688194916225,28.530428507203926,6.472294811079848,4.9010036383859035,5.78371023807136,2.9563033796144778,12.340178887450826,8.659103194364981,
AMZN,2025-09-24,220.2100067138672,28.09793306773132,0.022900224853489765,-0.03232720894129337,,0.35714285714285715,1.1517721329489672,0.5,False,True,33.47690480003467,28.41229764001907,0.19072619596758322,-0.9210627758258871,2.275098476040527,0.45842774405624453,-1.0262974872715769,-2.0397617823039504,
META,2025-09-19,777.85498046875,66.75724716414487,0.020072829976779196,0.04252048598659197,0.04321780543095004,0.5714285714285714,2.287465074041343,0.5,True,True,33.476246786919376,28.41193573280566,-4.384490853063339,-4.10122961331123,-8.65135334990117,-9.481549170947234,-7.833722106127439,-7.937685105783221,
META,2025-09-10,751.4727783203125,50.28660093187428,0.018576680826002622,0.01624574658556477,1.9709534705226421,0.5,1.2202182904153365,0.5,True,True,33.45864492872156,28.40225471079686,3.157000454023806,2.088323952454063,1.2225585662269722,-0.4215165388872455,-4.47557814935352,-7.966191417698487,
NVDA,2025-09-02,170.77037048339844,28.398344738044344,0.030820761713602287,-0.0016403539349902907,,0.35714285714285715,1.3257329163025533,0.5,False,True,33.252142283259914,28.288678255792956,-0.011714135423090966,-1.5829229693014035,2.406526605160453,-0.6749801577949022,9.257830443831704,4.922641137767702,
META,2025-09-25,748.9099731445312,38.30159156833314,0.02135036448957509,-0.0011013207628483013,2.155437339629328,0.42857142857142855,0.9815844593968378,0.5,True,True,33.24590226802798,28.285246247415394,-2.918906962845824,-4.6163438015910385,-2.056317038247568,-4.048564678207567,-1.990889917238925,-4.074321605861586,
AMZN,2025-09-12,228.14999389648438,44.63829867329997,0.020152785478856745,0.0061235909469052885,1.627422026318963,0.5,1.1113661250459386,0.5,True,True,32.914663203359346,28.10306476184764,1.4595669165634817,0.22288313391147785,-3.6686370112221534,-4.618556508307492,-5.163269381739132,-4.770893315915735,
V,2025-09-11,342.81097412109375,45.6296948712167,0.01521982599095774,-0.010559113149903432,1.5437571533507577,0.5,0.986562353548782,0.5,True,True,32.815531392713126,28.04854226599222,-1.5458955260419294,-2.2499370359004955,-2.4920704018345563,-2.8333510988326815,1.0335139581402641,-1.306813535449436,
META,2025-09-05,751.9425048828125,53.64079079189265,0.02084050008572696,0.018868426230095547,2.1655043183002944,0.42857142857142855,0.9787877329943557,0.5,True,True,32.6477033270349,27.956236829869194,0.4173029716491028,-1.1539882010448421,3.446071397436934,0.6186645389800516,-5.503413765746368,-9.184489458832212,
V,2025-09-25,334.26788330078125,36.246144015047975,0.01664312544669994,-0.02816866170854815,,0.42857142857142855,0.935894835563553,0.5,True,True,32.48863919351065,27.86875155643086,3.2902443010273563,1.592807462282142,3.6156898977384833,1.6234422577784846,3.2932297054127035,1.2097980167900424,
V,2025-09-05,342.54150390625,35.71596286687034,0.01469069508105014,-0.013314581493165667,1.08217811830742,0.42857142857142855,1.021719725156025,0.5,True,True,32.484930087387966,27.866711548063382,-1.1042461066961273,-2.6755372793900722,-0.4690941163892903,-3.2965009748461727,1.9287890666761731,-1.7522866264096715,
V,2025-09-08,341.6233215332031,33.74268440550772,0.014438039232322397,-0.015782711212215195,1.3562282639602792,0.42857142857142855,0.8949987320408065,0.5,True,True,32.38095018128201,27.809522599705108,-0.9494642502849482,-2.8112721483779746,0.6018055775285136,-2.458903560442849,2.0391514870095273,-1.7587589066876852,
NVDA,2025-09-19,176.6699981689453,54.9782254294885,0.027119938946621912,0.006451660213455668,0.5269217220424018,0.5,1.2550696376773882,0.5,True,True,32.15903481075676,27.687469145916218,0.860363552507315,1.1436247922594234,6.197994601081591,5.3677987800355265,3.7074789832137744,3.603515983557992,
V,2025-09-22,343.6792297363281,53.08837421645532,0.01706477483808797,-0.0027321079205625542,1.1891085324499677,0.5714285714285714,0.985864736019276,0.5,True,True,32.15235242063393,27.683793831348662,-1.2196491802600296,-0.7457672816900129,1.428747626575455,0.7134398609953241,0.014527138532871575,-0.6542930818925985,
AMZN,2025-09-04,235.67999267578125,67.15258234813496,0.02011504618240395,0.0469631608226595,0.0,0.5714285714285714,1.7002106233463419,0.5,True,True,32.09194766870558,27.65057121778807,-2.4312609918575756,-3.7422727818460233,-1.8881521921820243,-3.9124355592296767,-5.630511467270393,-9.012837591765932,
META,2025-09-11,750.3935546875,49.275105334597676,0.01804406726919692,0.013918087590902184,2.1741500019340116,0.5,0.7781780539115642,0.5,True,True,32.00414959024,27.602282274632,3.908642340022106,3.20460083016354,-0.1977071276400566,-0.5389878246381818,-2.249958680536124,-4.590286174125824,
V,2025-09-17,345.515625,56.566037465168776,0.015538092433084,0.0005361552792051416,0.6905916145366197,0.5,1.1072304733801699,0.5,True,True,31.941547172588464,27.567850944923656,-2.1721615254601367,-2.7414759990058046,0.47081503244696954,-1.2166179884238737,-0.1473168356848964,-1.3357779763230937,
META,2025-09-23,755.4000244140625,42.27139168251466,0.02233141074511938,0.010175053987691474,1.1702040193095995,0.5,1.0242969769739028,0.5,True,True,31.896181111436384,27.54289961129001,-2.782634213912627,-3.2304517384866838,-5.602330679965872,-6.493447060709423,-2.9295742874747677,-4.147884594465367,
AAPL,2025-09-11,229.80722045898438,45.343497722957615,0.01940741296888822,0.042918630373630196,1.900584743088182,0.5,1.0499569476371389,0.5,True,True,31.89297057104546,27.541133814075003,3.4126026201001025,2.7085611102415363,11.668038675100668,11.326757978102542,10.437766082543876,8.097438588954176,
MSFT,2025-09-12,509.8999938964844,60.956918492013415,0.01438798275847873,0.0001581322727963741,0.6319660496924687,0.6428571428571429,1.1066770971912534,0.5,True,True,31.880323680212076,27.534178024116642,1.5748183713308883,0.33813458867888446,0.3059418664967506,-0.643977630588588,0.20788342249107306,0.6002594883144696,
V,2025-09-09,343.3099670410156,40.688277248796645,0.01448754560144551,-0.010695481934245077,1.074488186319581,0.5,0.891633570880954,0.5,True,True,31.87678456513466,27.532231510824065,-1.1511895420816098,-2.6381246159243976,-1.5378261643700375,-3.801097668108011,2.450660162365148,-0.7238961052268955,
TSLA,2025-09-03,334.0899963378906,48.15244659755153,0.03583720071191458,0.032267903463708114,1.239776175616055,0.35714285714285715,1.1640556957568318,0.5,False,True,31.87591708985534,27.53175439942044,4.100695129217624,2.784944686827928,27.468643185849206,25.07015512609265,37.525815346590406,33.39942138644103,
NVDA,2025-09-03,170.61038208007812,28.11135455547337,0.03039334624431551,-0.005650677648294633,,0.35714285714285715,0.9408154753754524,0.5,False,True,31.83278223095064,27.508030227022854,3.932718022395254,2.616967580005558,-0.18778974060027487,-2.5862778003568287,9.747134500455324,5.620740540305947,
AAPL,2025-09-19,245.26223754882812,72.90715162865527,0.02082338769255856,0.09682292071971599,0.0,0.5714285714285714,2.9367520916839047,0.5,True,True,31.795312378408514,27.487421808124683,4.057030245921456,4.340291485673564,5.099795900160187,4.269600079114122,2.765781155648317,2.6618181559925347,
AMZN,2025-09-17,231.6199951171875,51.42097701045737,0.022413562074194003,0.018653451016378275,0.6845927228028208,0.5,1.202258938942295,0.5,True,True,31.770943492641212,27.47401892095267,-4.9261672756479635,-5.495481749193631,-4.744836571132227,-6.43226959200307,-6.929448290873297,-8.117909431511494,
WMT,2025-09-03,99.44000244140625,59.72075632886171,0.01646960810912556,0.014952172491116134,1.253046131963793,0.5714285714285714,1.0038840200281096,0.5,True,True,31.7706262637355,27.473844445054528,0.9754637941352451,-0.3402866482544509,4.857194371557028,2.4587063118004737,2.534188034188034,-1.592205925961343,
JPM,2025-09-19,313.25701904296875,79.61598402527044,0.017347713015040733,0.0626797968625521,0.0,0.7142857142857143,2.824152793704773,0.5,False,True,31.71176992805853,27.441473460432192,0.40663213703211465,0.689893376784223,-1.5089910125919537,-2.3391868336380184,-5.0109081457555105,-5.114871145411293,
META,2025-09-02,734.6141357421875,35.37180096123042,0.021785868090816816,-0.001400062249141909,,0.35714285714285715,0.9395594844676124,0.5,False,True,31.700239805344697,27.435131892939584,4.161286243392492,2.59007740951418,5.970537519448049,2.8890307564926943,-0.031871270641758986,-4.367060576705761,
AMZN,2025-09-11,229.9499969482422,48.29234540965818,0.021181624373740524,0.014798077565827183,1.0362510681152344,0.5714285714285714,1.0473438795276258,0.5,True,True,31.688934472873964,27.42891396008068,0.5566422249551062,-0.14739928490346,-5.131551732272377,-5.472832429270502,-0.9610747920886231,-3.301402285678323,
JPM,2025-09-09,296.408935546875,52.41856904000199,0.017851730536639673,0.01654959998683947,0.8111422214444639,0.5714285714285714,1.1016795693339978,0.5,True,True,31.583600943464152,27.370980518905284,3.807282567781156,2.3203474939383684,4.999151628667042,2.7358801249290687,3.8059132305568566,0.631356962964813,
AMZN,2025-09-02,225.33999633789062,44.10773638247023,0.02085103140914665,0.004638421634032719,0.5401218070414265,0.5714285714285714,1.0844894079558742,0.5,True,True,31.546951151252216,27.35082313318872,5.724686857600836,4.153478023722523,3.8652733005315243,0.7837665375761693,-2.5605702970811883,-6.895759603145191,
NVDA,2025-09-10,177.32000732421875,59.13761092356032,0.030254314313282675,0.023657351681364513,0.45489744508153773,0.5,1.2218105122443212,0.5,True,True,31.423398432634187,27.282869137948804,-3.9645915563447875,-5.033268057914531,-0.19738669583724278,-1.8414618009514605,6.648992104187967,3.158378835843001,
NVDA,2025-09-18,176.24000549316406,53.93792931326815,0.028855745814209924,0.005443109307465166,0.5980600437457325,0.42857142857142855,1.0415002972890148,0.5,True,True,31.42037996242697,27.281208979334835,0.8227399586062889,1.1829646401797067,7.1777085237182625,5.846610952993747,3.1604584043466444,3.1285096967629045,
AMZN,2025-09-18,231.22999572753906,50.41927683254868,0.02245136545476874,0.01616153526344477,0.7553890827296136,0.42857142857142855,1.063147962514853,0.5,True,True,31.374212691431598,27.25581698028738,-5.656706341190699,-5.296481659617281,-3.81438058573611,-5.145478156460626,-7.24819219673577,-7.28014090431951,
AMZN,2025-09-03,225.99000549316406,46.18219720506791,0.02058877377832245,0.0059648572720585324,1.1961615543785218,0.5714285714285714,0.8420772666570326,0.5,True,True,31.324757213720595,27.228616467546328,1.9204372903216305,0.6046868479319345,2.4912560233526504,0.09276796359609651,-2.371786574656154,-6.498180534805531,
MSFT,2025-09-23,509.2300109863281,49.86253596834221,0.015440677128403498,-0.00450370308572523,0.6113826403796787,0.6428571428571429,0.9247029098373097,0.5,True,True,31.267581900376605,27.197170045207134,1.7123894964111264,1.2645719718370696,2.8965239998036685,2.0054076190601178,1.6554331002360145,0.4371227932454147,
MSFT,2025-09-18,508.45001220703125,52.95678826786225,0.015040107186865253,-0.0046171943708027685,0.5137521838767499,0.6428571428571429,0.9448344128198589,0.5,True,True,31.23435610305561,27.178895856680587,-0.27928279941827894,0.08094188215513887,1.4337649429292165,0.10266737220470112,0.6214914089223367,0.5895427013385968,
NVDA,2025-09-25,177.69000244140625,52.72307914745493,0.030269038292495786,0.007021528172229896,0.5543374206656513,0.5714285714285714,0.9986476663017562,0.5,True,True,31.1491497248389,27.132032348661397,6.303110357565234,4.605673518820019,8.3741373619032,6.381889721943201,2.5156177383570677,0.43218604973440655,
MSFT,2025-09-25,507.0299987792969,45.803419699750016,0.013545258394518,-0.009091213339539439,0.9060677475082383,0.6428571428571429,0.7711196365018284,0.5,True,True,31.144496243203374,27.129472933761857,1.717845389039696,0.020408550294481742,3.031383877042737,1.0391362370827384,2.6684809206301674,0.5850492320075062,
MSFT,2025-09-16,509.0400085449219,54.73971818311456,0.015332781479343189,-0.0026819234553566718,0.45014052423255074,0.7142857142857143,0.9503516830113651,0.5,True,True,31.12203306478521,27.117118185631867,0.03732564007088435,-0.7276363024001586,1.7503542968220431,0.5341491961422307,0.8899101648701002,0.27385104589594533,
META,2025-09-12,755.0803833007812,53.91964877213648,0.0171096240260781,0.019094408852023737,1.4472606681995355,0.5,0.8096006470052451,0.5,True,True,31.102283124299706,27.10625571836484,3.0161818094665893,1.7794980268145855,-1.500553259144577,-2.4504727562299156,-6.59272795436705,-6.200351888543654,
META,2025-09-22,765.1599731445312,51.07835239717362,0.020807403692844315,0.024184563167922946,0.4767844975552638,0.5714285714285714,1.124136689352202,0.5,True,True,31.04315125943743,27.073733192690586,-2.8438430516749658,-2.369961153104949,-6.469235419695685,-7.184543185275816,-4.311515420598655,-4.980335641024125,
AAPL,2025-09-09,234.123046875,54.19679061912675,0.01762626703720964,0.06678995120749875,0.5746012710193368,0.42857142857142855,1.398660351587052,0.5,True,True,30.98046439534644,27.039255417440543,1.6215022294800319,0.13456715563724408,8.568377672664784,6.305106168926811,9.443146173803507,6.268589906211464,
NVDA,2025-09-22,183.61000061035156,68.30771554175597,0.027215416845454938,0.04376363022336216,0.0,0.5714285714285714,1.391160629839969,0.5,True,True,30.951733612659005,27.023453486962453,-0.9585504607512729,-0.4846685621812563,1.0511370128890585,0.3358292473089275,-0.5282943290009667,-1.1971145494264368,
JPM,2025-09-16,307.6940612792969,71.83820992999722,0.016538591120966423,0.049878275993596954,0.0,0.7142857142857143,1.4353743351970545,0.5,True,True,30.945149060980302,27.019831983539166,1.1481555353379358,0.3831935928668928,2.0181762117185142,0.8019711110387018,-1.824563881307839,-2.440623000281994,
META,2025-09-09,765.1835327148438,64.97107888396697,0.018783008446002752,0.035175960972356535,0.7943771476033695,0.5,1.0647087151911447,0.5,True,True,30.856808608717923,26.97124473479486,1.7369709431466651,0.25003586930387733,-1.2785832264410768,-3.5418547301790504,-6.809283446043146,-9.98383971363519,
AMZN,2025-09-15,231.42999267578125,52.236945197329455,0.02088258893568264,0.0198667252847331,0.7183561061741789,0.5714285714285714,0.9686746166444263,0.5,True,True,30.840724035444726,26.962398219494602,-1.6419599504081117,-2.8189479350291813,-4.001207622129,-4.698736175172591,-4.908605501049779,-5.509027174201509,
NVDA,2025-09-23,178.42999267578125,54.42923638040356,0.029554813366047483,0.01266258020143285,0.4536145978925201,0.5714285714285714,0.9859735296586712,0.5,True,True,30.80835423006271,26.94459482653449,4.567622871611343,4.119805347037286,3.704534485052835,2.8134181043092843,1.5300179893459553,0.3117076823553555,
NVDA,2025-09-16,174.8800048828125,48.783404198518824,0.028332428129346048,0.0003859201612161911,0.8742384581079247,0.35714285714285715,0.7650439362185609,0.5,False,True,30.797684289767258,26.938726359371994,2.029956366565533,1.26499442409449,6.690299989459847,5.4740948887800345,2.944872914393737,2.328813795419582,
JPM,2025-09-10,299.0859375,58.0383310758273,0.017710964072834123,0.024889618002470026,0.3263671481664561,0.5714285714285714,1.0991761084143652,0.5,True,True,30.741656471383095,26.907911059260705,3.7299417332758766,2.6612652317061336,4.285620412454616,2.6415453073403983,1.6530570847373527,-1.8375561836076137,
TSLA,2025-09-02,329.3599853515625,42.22649886884806,0.03547571324742404,0.01673647310614146,1.0809130440568302,0.2857142857142857,0.7818007203459781,0.5,False,True,30.62220434106786,26.842212387587324,5.34673811402544,3.7755292801471274,28.01190608116697,24.930399318211613,35.025510383723166,30.690321077659164,
AMZN,2025-09-16,234.0500030517578,57.600632250361,0.021103551821537652,0.03045172310176736,0.346281018832615,0.5714285714285714,1.0925987281675944,0.5,True,True,30.572380442216495,26.814809243219074,-5.699635190750508,-6.464597133221551,-6.186710334858214,-7.402915435538026,-7.545397749131433,-8.161456868105589,
JPM,2025-09-30,313.90386962890625,72.50407320037729,0.01499539759200373,0.05214665719447087,0.027975189449388246,0.7857142857142857,1.3486110445738688,0.5,True,True,30.563614689800612,26.809988079390337,-1.9795446277377726,-2.4208671642488744,-3.766721025331321,-3.173786345446139,-2.7218155314377768,-5.856104329116274,
WMT,2025-09-10,100.41000366210938,54.459667229145424,0.018033204966471133,0.020431768677284134,0.49541186475675186,0.5714285714285714,0.9645966581258915,0.5,True,True,30.53992780989313,26.796960295441224,3.8442314910636988,2.7755549894939557,2.3105264517579993,0.6664513466437816,2.4798304680364813,-1.010782800308485,
WMT,2025-09-17,104.2699966430664,71.30870248940421,0.015495482775096105,0.053660209513787915,0.0,0.7857142857142857,1.3447068129092279,0.5,True,True,30.46902096622327,26.7579615314228,-1.4769284892225176,-2.0462429627681855,-2.215400050794336,-3.9028330716651793,4.565073644842199,3.376612504204002,
MSFT,2025-09-22,514.4500122070312,59.33455949959856,0.015032691768883581,0.005977625684803645,0.1789191920142844,0.7142857142857143,0.9305006556980626,0.5,True,True,30.457376882665276,26.751557285465903,0.02915023332643596,0.5030321318964526,2.7446777689073443,2.0293700033272133,0.45484804447255556,-0.2139721759529145,
META,2025-09-24,760.6599731445312,47.86160892926911,0.02072019258826156,0.01583024167581626,0.7319319952663831,0.5,0.8269190329912425,0.5,True,True,30.411087276010136,26.726098001805575,-5.695047434924172,-6.806836406717642,-5.629315042310812,-7.445985774295094,-3.5824153974278183,-4.595879692460192,
AMZN,2025-09-05,232.3300018310547,58.11887589970187,0.020343599205391933,0.030219727428573373,0.30371633866491804,0.5,1.0571093162116119,0.5,True,True,30.386305048387136,26.712467776612925,-1.7991683818820436,-3.3704595545759886,-0.36586153179378744,-3.1932683902506698,-5.5180162799383865,-9.199091973024231,
MSFT,2025-09-26,511.4599914550781,54.05086460998404,0.013584350906312555,-0.0004569366368930572,0.3930743972960596,0.6428571428571429,0.7954595353608849,0.5,True,True,30.367235517305602,26.70197953451808,1.1516021251442687,0.03498211265540174,-0.0977593572035862,1.2319054603572632,2.3755511866956125,0.044102680300994734,
NVDA,2025-09-24,176.97000122070312,51.055709113794286,0.03057768360181196,0.0036611376599335888,0.6667059905009959,0.5,0.7398580982798894,0.5,True,True,30.349645451922736,26.692304998557507,5.80324586179608,4.69145689000261,6.859919368203182,5.0432486362189,1.8703721171735577,0.8569078221411841,
AAPL,2025-09-12,233.84332275390625,54.44024561580192,0.019469149038801103,0.059134950172316625,0.6226798182496536,0.5,1.1626391464179893,0.5,True,True,30.323723862402037,26.678048124321123,4.883147682150835,3.6464638994988308,9.138288706490162,8.188369209404822,4.784890933573527,5.177266999396924,
NVDA,2025-09-30,186.5800018310547,70.4823278736518,0.02875443917186249,0.053837153957733364,0.0,0.5714285714285714,1.2952151027412009,0.5,True,True,30.2657457922328,26.64616018572804,-0.8253877852977709,-1.2667103218088727,-3.5105600747548205,-2.9176253948696385,7.744665455264843,4.610376657586346,
MSFT,2025-09-17,510.0199890136719,56.27294850906231,0.015019017817848741,-0.0013182048615232311,0.3555259816122314,0.7142857142857143,0.7731076664090717,0.5,True,True,30.258607989416653,26.64223439417916,0.025490154427854073,-0.5438243191178138,1.8999319963368455,0.21249897546600227,0.6686019637591079,-0.5198591768790894,
MSFT,2025-09-30,517.9500122070312,64.03672142955958,0.014160201368790763,0.0116683663645476,0.0,0.6428571428571429,0.9720779260773964,0.5,True,True,30.238260713373155,26.631043392355238,1.1641988839858453,0.7228763474747435,-0.8456423939732893,-0.2527077140881073,4.656819103915066,1.5225303062365692,
MSFT,2025-09-29,514.5999755859375,59.13660655579725,0.01397616951664024,0.005467804492906403,0.16989904274334686,0.6428571428571429,0.871526967902086,0.5,True,True,30.22595258811316,26.62427392346224,2.714736183649169,1.5198843328634304,-0.10687676235167087,-0.010442538704646953,3.2879993680619446,0.039446180302049605,
JPM,2025-09-02,298.25,63.27202539345841,0.01563943015965978,0.028185302392361944,0.13479549239720545,0.5714285714285714,1.0512709098015411,0.5,True,True,30.221279158311948,26.62170353707157,-0.617289003562449,-2.1884978374407615,3.1664916275932598,0.08498486463790478,5.248573220085917,0.9133839140219147,
NVDA,2025-09-26,178.19000244140625,53.97930521371753,0.030544968321125562,0.009260346935286101,0.48481957376879126,0.5714285714285714,0.802296897701485,0.5,True,True,30.2131606712699,26.617238369198446,5.292099751153034,4.175479738664167,2.789158287562965,4.118823105123814,4.52886915924664,2.1974206528520224,
NVDA,2025-09-29,181.85000610351562,62.41455164962678,0.03054697965422461,0.028889066193223734,0.11860267594569138,0.5714285714285714,1.056864619361145,0.5,True,True,30.203109702782687,26.61171033653048,2.0291377832105884,0.8342859324248497,3.557877923314545,3.654312146961569,5.3010717987883815,2.0525186110284865,
META,2025-09-15,764.1842041015625,61.765946046857465,0.018150916005478187,0.030111792062872178,0.09023357194164416,0.5714285714285714,1.0485148909061952,0.5,True,True,30.098986088068585,26.554442348437725,0.1276876750044842,-1.0493003096165854,-2.7197866137439464,-3.417315166787538,-6.344568709259468,-6.944990382411198,
META,2025-09-16,778.4745483398438,70.77803216136763,0.018709890082205628,0.047663127962257246,0.0,0.5714285714285714,1.2010899260334522,0.5,True,True,30.074465865266088,26.54095622589635,-2.9640691497222926,-3.7290310921933356,-5.664224161350706,-6.8804292620305185,-8.969403569415002,-9.585462688389157,
WMT,2025-09-29,103.08000183105469,57.72938548241159,0.015126942883394674,0.028634431742641242,0.22753232279174393,0.5714285714285714,0.9885889300165753,0.5,True,True,30.068361555137145,26.53759885532543,-0.3686504424353032,-1.5635022932210418,-0.9313145784049071,-0.8348803547578831,1.3484665938662044,-1.9000865938936906,
V,2025-09-02,349.3779602050781,59.71040220403325,0.013815598394450894,0.006740529558309838,0.09211800751136588,0.42857142857142855,0.8611467721594559,0.5,True,True,30.052912810902164,26.52910204599619,-1.7367990701247171,-3.3080079040030297,-2.8679947629440816,-5.949501525899437,-2.4823606617404015,-6.817549967804403,
MSFT,2025-09-24,510.1499938964844,51.43898475151283,0.015491235762170125,-0.002906389825307998,0.5135314794484676,0.6428571428571429,0.6586783797924246,0.5,True,True,30.03814298926709,26.5209786440969,1.8739641655492578,0.7621751937557875,2.8815018848036944,1.064831152819412,2.036652799209415,1.0231885041770417,
GOOGL,2025-09-02,211.16114807128906,70.70502324455877,0.022440782642177942,0.10599676671705405,0.0935244157470856,0.5714285714285714,1.587501751670204,0.5,True,True,29.982333304065694,26.490283317236134,13.482052485295348,11.910843651417036,18.942336673276895,15.86082991032154,15.12534778483201,10.790158478768008,
JPM,2025-09-11,304.0816345214844,66.5462062984341,0.017861808319647912,0.04083425658656559,0.0,0.6428571428571429,1.1248765185124863,0.5,True,True,29.97447837645297,26.485963107049134,2.5101496395025125,1.8061081296439463,2.5821477744156107,2.2408670774174855,0.47630770601838623,-1.8640197875713138,
NVDA,2025-09-11,177.1699981689453,58.65438096476095,0.030566249983815772,0.019979278324119498,0.4763797917414506,0.5,0.8204784910942037,0.5,True,True,29.954191364742965,26.474805250608632,-0.5249154401945844,-1.2289569500531505,0.29350582933633795,-0.04777486766178729,8.692221772553355,6.3518942789636545,
AAPL,2025-09-16,237.9193572998047,62.17676438767681,0.019480517513985923,0.07256548209503655,0.1230186130204689,0.5714285714285714,1.303744211549078,0.5,True,True,29.885634718969772,26.437099095433375,6.836029079256711,6.071067136785668,6.920012932038233,5.703807831358421,4.039472603210181,3.4234134842360264,
TSLA,2025-09-05,350.8399963378906,64.64534521662239,0.03461486294843911,0.08259357490778751,0.027009983504822928,0.5,1.4071618459224025,0.5,True,True,29.88325211666177,26.435788664163976,12.854864489304196,11.283573316610251,21.44282629448977,18.615419436032887,22.51453399238452,18.833458299298677,
WMT,2025-09-04,100.93000030517578,67.64657333731228,0.017069823975351995,0.029496358681191603,0.5651289571643651,0.6428571428571429,0.8446536876138449,0.5,True,True,29.871878738616864,26.429533306239275,1.7041525963563453,0.3931408063678976,2.6453959782742453,0.621112611226593,0.7629016553435175,-2.6194244691520208,
META,2025-09-18,779.7237548828125,69.47808345781917,0.01948918160132424,0.046458638870388036,0.0,0.5714285714285714,1.1389640054104688,0.5,True,True,29.86209685553023,26.424153270541627,-3.9518844392412267,-3.591659757667809,-6.755439572026411,-8.086537142750927,-8.676630298221665,-8.708579005805404,
WMT,2025-09-30,103.05999755859375,57.39168745596995,0.014547696460456633,0.026874589084786793,0.3342543415950093,0.5714285714285714,0.8903504085334607,0.5,True,True,29.856269171504245,26.420948044327336,0.17465584071398865,-0.2666666957971131,4.026782092168646,4.6197167720538275,0.10673453615115402,-3.027554261527343,
NVDA,2025-09-15,177.75,59.984642459856225,0.027959275521504776,0.018743956407286433,0.39571309628341417,0.42857142857142855,0.8013211356502974,0.5,True,True,29.817821565922692,26.399801861257483,3.296765462926343,2.1197774783052736,2.3066138416403037,1.6090852885967122,5.946558269602664,5.346136596450934,
JPM,2025-09-03,298.0609130859375,62.31212279824403,0.014886204750598153,0.025944345779264077,0.15194888521862596,0.5714285714285714,0.9253612620973087,0.5,True,True,29.805453337273658,26.392999335500512,0.3438976293302032,-0.9718528130594928,4.086666543802209,1.6881784840456548,3.73943109658581,-0.3869628635635669,
WMT,2025-09-05,100.51000213623047,63.577673283618914,0.017638619324798217,0.024485728118633032,0.7125171704177864,0.6428571428571429,0.7399830350472671,0.5,True,True,29.78038090113142,26.37920949562228,2.9648748027086835,1.3935836300147386,1.8107647558870843,-1.016642102569798,1.5520819077083914,-2.128993785377453,
MSFT,2025-09-15,515.3599853515625,68.0823652884483,0.014845381164013445,0.010180676791950338,0.043776867779050176,0.7142857142857143,0.8185493545325957,0.5,True,True,29.721309355706726,26.346720145638702,-0.1765703916477901,-1.3535583762688597,-0.14747162900250466,-0.8450001820460962,-0.2541907784517128,-0.8546124516034426,
V,2025-09-04,350.296142578125,62.445840409651794,0.012957223533623493,0.008939372888051134,0.04054823931559544,0.42857142857142855,0.7861932537200541,0.5,True,True,29.62524971541739,26.293887343479565,-2.1368115566279378,-3.4478233466163855,-3.6496742084160094,-5.673957575463662,-1.4359362509260842,-4.8182623754216225,
JPM,2025-09-17,310.2416687011719,75.60230121709816,0.01642798837138574,0.056492389136576726,0.0,0.7142857142857143,1.159892099944871,0.5,False,True,29.500244433578615,26.22513443846824,0.5356974754768373,-0.03361699806883056,-0.3336022362386615,-2.0210352571095047,-1.4671356941900138,-2.655596834828211,
V,2025-09-03,350.1763916015625,62.0658836558423,0.013150972141454425,0.008593164397120656,0.0469961768231153,0.42857142857142855,0.7483347294579303,0.5,True,True,29.49193939810584,26.220566668958213,-3.6338323494193303,-4.949582791809027,-1.3309768200666205,-3.7294648798231744,-0.8664282265668954,-4.992822186716273,
META,2025-09-17,775.19677734375,66.62202184464991,0.019311095328245383,0.04170946181239743,0.0807678077803479,0.5714285714285714,0.9726192508444941,0.5,True,True,29.436114518342464,26.189862985088357,-1.875240535574696,-2.444555009120364,-7.463492132478966,-9.15092515334981,-7.436407275622436,-8.624868416260632,
TSLA,2025-09-04,338.5299987792969,53.33656380257754,0.03480592572449194,0.04611199034699087,0.7133553240874969,0.42857142857142855,0.8058581511255812,0.5,True,True,29.39609928299759,26.167854605648674,8.944554068615297,7.633542278626849,23.13532260261495,21.111039235567297,28.79213114706809,25.409805022572552,
JPM,2025-09-04,302.3500671386719,73.02374355474157,0.01504883900693485,0.03900606430771192,0.0,0.5714285714285714,0.9657327020647803,0.5,True,True,29.392748879027764,26.16601188346527,0.572702827288718,-0.7383089626997297,3.0972281647458244,1.072944797698172,1.2276875271198584,-2.15463859737568,
JPM,2025-09-23,311.22686767578125,69.43680989105465,0.01742433094148252,0.05226740050977985,0.10287561181173596,0.7857142857142857,1.0182980245298272,0.5,True,True,29.328620816999983,26.13074144934999,0.8601448753819518,0.41232735080789507,-1.1364267040272047,-2.0275430847707554,-4.542304282231068,-5.760614589221668,
WMT,2025-09-23,102.5199966430664,53.174970766243156,0.016986231294047905,0.029668843275969525,0.2704794023831564,0.5714285714285714,0.7949435147707364,0.5,True,True,29.31428404366364,26.122856224015003,0.5267274026621527,0.07890987808809591,0.7023032035495369,-0.1888131771940138,3.609056475605099,2.3907461686144993,
WMT,2025-09-25,103.05000305175781,57.88646309133586,0.015568031066288634,0.031741536619966926,0.17579152192075986,0.6428571428571429,0.8337970148062019,0.5,True,True,29.293891786930708,26.11164048281189,-1.310049552194159,-3.0074863909393734,-1.242121660150275,-3.2343693001102736,3.6972318736178345,1.6138001849951733,
AMZN,2025-09-08,235.83999633789062,63.9774094460685,0.020552675441000437,0.04405074479989368,0.0,0.5,0.9758623752650792,0.5,True,True,29.281927157063503,26.10505993638493,-1.8699133864432005,-3.731721284536227,-3.4811701079385915,-6.5418792459099535,-6.334804390007509,-10.13271478370472,
NVDA,2025-09-12,177.82000732421875,60.27723392992936,0.028349831319914774,0.021301471863783394,0.38667374358771667,0.5,0.6788606070006539,0.5,True,True,29.240406764394365,26.082223720416902,-0.6467265256471566,-1.8834103082991605,0.2080728275490884,-0.7418466695362502,3.0030345956258087,3.3954106614492052,
JPM,2025-09-12,305.42510986328125,68.52635118533829,0.01704313820548086,0.044272475518815524,0.0,0.6428571428571429,0.966094209248214,0.5,True,True,29.236202571428382,26.07991141428561,2.5642649954986885,1.3275812128466846,2.9813242580811528,2.031404760995814,-1.4848468800989556,-1.092470814275559,
JPM,2025-09-15,307.40545654296875,71.40507492169468,0.016894034379094595,0.050121582856023084,0.0,0.7142857142857143,1.006491602324173,0.5,True,True,29.222318923615997,26.0722754079888,1.1460070433399583,-0.030980941281111285,2.1981300224301226,1.500601469386531,0.18364822930703184,-0.41677344384469794,
WMT,2025-09-26,103.16000366210938,58.93124696845366,0.014914413478007689,0.031130865469105817,0.17961050584858493,0.6428571428571429,0.7572019035876952,0.5,True,True,29.010414257295903,25.955727841512747,-1.0566148978196632,-2.17323491030853,-1.2795727775876231,0.05009203997322631,2.917792167490507,0.5863436610958894,
WMT,2025-09-22,102.81999969482422,55.98649221375155,0.01724928578705615,0.03412839327576633,0.21417986222005347,0.6428571428571429,0.7636406384422607,0.5,True,True,28.98772659016011,25.943249624588063,0.25287117000794,0.7267530685779566,-0.1167114831143845,-0.8320192486945155,4.113988882988218,3.4451686625627476,
WMT,2025-09-24,102.7300033569336,55.000227157224046,0.016311828731254256,0.030213120881845246,0.23157788462751927,0.5714285714285714,0.711584120751549,0.5,True,True,28.917836318103856,25.90480997495712,-0.7495417573243679,-1.8613307291178383,0.16548054452472094,-1.6511901874595614,4.2928023835377305,3.279338088505357,
WMT,2025-09-11,102.6500015258789,65.83408414143929,0.015468648943770837,0.04221340680743113,0.0,0.6428571428571429,0.8633164615035881,0.5,True,True,28.886863641791415,25.88777500298528,0.9254719280278767,0.22143041816931053,0.38967512901406653,0.04839443201594129,-0.8572867703179221,-3.197614263907622,
JPM,2025-09-22,310.9283447265625,68.82401373298852,0.01708899059531162,0.05296149417221341,0.11981540770935037,0.7142857142857143,0.9067320653890766,0.5,True,True,28.88186192564111,25.885024059102612,1.040202188742212,1.5140840873122285,-0.5623006330666924,-1.2776083986468234,-2.755734406438637,-3.424554626864107,
TSLA,2025-09-08,346.3999938964844,58.7226685319868,0.03648546560671528,0.06753448471947698,0.20045712508024066,0.42857142857142855,0.9811394794807605,0.5,True,True,28.83907192643501,25.861489559539258,18.37182903284207,16.510021134749042,25.349306901210355,22.288597763238993,30.845845261604097,27.047934867906886,
TSLA,2025-09-10,347.7900085449219,60.16081685783871,0.033821702151337965,0.06829746774801526,0.1401734693540047,0.5714285714285714,0.9791320942553983,0.5,True,True,28.735812507805935,25.804696879293267,22.447446703046037,21.378770201476293,27.315333294783084,25.671258189668865,26.136459260802305,22.64584599245734,
WMT,2025-09-08,102.27999877929688,71.81993151184082,0.01801777403002492,0.04115092742090032,0.22597596310456564,0.6428571428571429,0.73405266994314,0.5,True,True,28.672854012871024,25.770069707079067,1.3785722320469818,-0.4832356660460446,0.5279633574229559,-2.5327457805484066,0.41063568044383825,-3.3872747132533743,
JPM,2025-09-24,311.90362548828125,70.93140427319582,0.01710392289545217,0.052652158356019996,0.06630772658155172,0.7857142857142857,0.8641319348198302,0.5,True,True,28.656532260496576,25.761092743273117,-0.8646677086291077,-1.976456680422578,-2.5243780660318738,-4.341048798016156,-5.704851974344005,-6.718316269376379,
WMT,2025-09-18,103.5999984741211,64.06829144966036,0.016733307619369753,0.04540755365519211,0.08874153313533947,0.7142857142857143,0.7957418866640159,0.5,True,True,28.6272307767627,25.744976927219486,-0.5308836201389222,-0.1706589385655044,-1.833978333844788,-3.1650759045693033,2.7702729622133715,2.7383242546296316,
JPM,2025-09-18,311.71453857421875,77.59956793954917,0.016644543991077992,0.05934902865278113,0.0,0.7142857142857143,1.0736929425164108,0.5,False,True,28.5904046049904,25.72472253274472,0.07023512809833932,0.4304598096717571,-1.8133762380483254,-3.1444738087728408,-4.226472749573096,-4.258421457156836,
JPM,2025-09-25,311.9334716796875,71.00356034587347,0.015509416789445916,0.05080263627805581,0.06475076851413633,0.8571428571428571,0.83221422889886,0.5,True,True,28.58247874947072,25.720363312208896,-1.8822893378190653,-3.5797261765642796,-2.052832889625289,-4.045080529585288,-5.576016911909443,-7.659448600532104,
AAPL,2025-09-15,236.47076416015625,59.50299065721568,0.019569678879882906,0.06877278355753824,0.2610163919148407,0.5714285714285714,0.9018205795331641,0.5,True,True,28.557318481704314,25.706525164937375,8.187575061229824,7.010587076608754,7.490494502672318,6.7929659496287265,4.630334170723915,4.029912497572186,
AAPL,2025-09-18,237.64962768554688,59.914217207073115,0.01956568669189146,0.06595368405445012,0.1463779985267711,0.5,0.9012155012096763,0.5,True,True,28.50190508143732,25.676047794790527,7.983007724240343,8.343232405813762,8.092313860138734,6.761216289414219,4.023035959946597,3.991087252362857,
AAPL,2025-09-03,238.2390594482422,74.22932948540294,0.017477492887224888,0.1004396021238485,0.0,0.35714285714285715,1.2024397864173204,0.5,False,True,28.496571081953824,25.673114095074602,-4.897895919711703,-6.213646362101399,0.21805858939547562,-2.1804294703610783,7.120388567775993,2.9939946076266155,
WMT,2025-09-16,103.41999816894531,67.23781005865905,0.014262227713687074,0.04663750271954248,0.036635610766045545,0.7857142857142857,0.7846571963888832,0.5,True,True,28.483466436888506,25.66590654028868,-0.8702393558436161,-1.635201298314659,-0.3480957423374398,-1.5643008430172523,3.6646692928151703,3.0486101738410154,
AAPL,2025-09-08,237.64962768554688,67.37615310485776,0.016794185142855182,0.08617147635354216,0.1463779985267711,0.42857142857142855,1.038409902716953,0.5,True,True,28.444148918493667,25.644281905171518,-0.49605107185376474,-2.357858969946791,7.650909435525999,4.590200297554636,7.907346099156531,4.109435705459319,
AAPL,2025-09-17,238.75856018066406,63.775485541865166,0.019331352793162306,0.0735233843998877,0.05606666168026545,0.5714285714285714,0.9491307508832796,0.5,True,True,28.3581014655528,25.59695580605404,5.573447552964628,5.00413307941896,6.887311603849899,5.199878582979056,4.330720461912829,3.142259321274632,
WMT,2025-09-09,102.29000091552734,71.86145066284803,0.017464353387695464,0.040141707009706096,0.1744466547416581,0.6428571428571429,0.6357350240800165,0.5,True,True,28.24802487171886,25.536413679445374,1.1046996219612248,-0.38223545188156294,0.22484673524345578,-2.038424768494518,0.928729044617671,-2.2458272229743725,
AMZN,2025-09-09,238.24000549316406,67.55783604234696,0.0201657371186331,0.05328220223698388,0.0,0.5714285714285714,0.7823151595302139,0.5,True,True,28.23079457101133,25.526937014056234,-1.7587316759554383,-3.245666749798226,-7.358125577192309,-9.621397080930283,-6.909001987216412,-10.083558254808455,
AAPL,2025-09-02,229.49752807617188,56.28817708115289,0.016967865857558054,0.0637138194244411,0.13355521338061,0.35714285714285715,0.8142463742051738,0.5,False,True,28.20583717014419,25.513210443579304,2.0154983095473256,0.444289475669013,3.66968188905179,0.5881751260964352,10.843637282377072,6.50844797631307,
TSLA,2025-09-11,368.80999755859375,75.75351699373644,0.03483208257131098,0.12814429075151312,0.0,0.6428571428571429,1.3750774306053464,0.5,False,True,28.17513692137924,25.496325306758585,13.025679581066573,12.321638071208007,14.798952699532641,14.457672002534515,18.093330286071364,15.753002792481663,
JPM,2025-09-29,314.1626281738281,74.3621510164641,0.014720582305499334,0.05473505439923532,0.016241633505823565,0.8571428571428571,0.7569916656417105,0.5,True,True,28.105404990796767,25.457972744938225,-1.5860051614063897,-2.7808570121921283,-1.9711532810638976,-1.8747190574168737,-3.187086362100233,-6.435639549860128,
AAPL,2025-09-05,239.45787048339844,75.53911402710244,0.016428961425131536,0.0981573560735256,0.006084645976254184,0.42857142857142855,1.0880556179360308,0.5,False,True,27.985415998205266,25.391978799012897,-2.344691247006414,-3.915982419700359,2.423961698862631,-0.4034451595942512,7.647374698362874,3.9662990052770297,
AAPL,2025-09-22,255.8319854736328,82.16722981788524,0.02162829015990694,0.1394932130626796,0.0,0.6428571428571429,1.7912267956612606,0.5,False,True,27.95997563447219,25.37798659895971,-0.644325892472386,-0.17044399390236942,0.2382113304710387,-0.4770964351090923,2.4054996345326707,1.7366794141072006,
JPM,2025-09-26,314.53082275390625,76.78895693477985,0.015232181991577715,0.05769710792142657,0.0,0.9285714285714286,0.848538343280354,0.5,False,True,27.933890471131452,25.3636397591223,-1.9078651567654203,-3.0244851692542873,-4.336874836632953,-3.0072100190721036,-4.479948956711588,-6.811397463106206,
GOOGL,2025-09-30,243.10000610351562,46.69500332539483,0.02283305070306189,0.11772423130247645,0.9188586542081334,0.42857142857142855,0.888154819567935,0.5,True,True,27.8235227242472,25.302937498335965,1.0941951199242794,0.6528725834131777,0.9666765881223061,1.559611268007488,10.02467894090071,6.890390143222213,
TSLA,2025-09-09,346.9700012207031,59.27536049455595,0.03524180976667288,0.067755077695272,0.17498173604696476,0.5,0.7264694060684683,0.5,True,True,27.783203376672063,25.280761857169637,21.514826536545595,20.027891462702808,22.733955271435114,20.47068376769714,24.82058818174533,21.646031914153284,
WMT,2025-09-12,103.48999786376953,69.16632183809713,0.01488066342064321,0.0494404520123477,0.0,0.7142857142857143,0.6307425998715965,0.5,True,True,27.739756839115948,25.25686626151377,-1.1208774342055916,-2.3575612168575955,-0.3188657923199001,-1.2687852894052387,-1.594358450031963,-1.2019823842085664,
WMT,2025-09-15,103.69000244140625,69.97094949522568,0.0142044243360599,0.050284444167408626,0.0,0.7857142857142857,0.5873257239264976,0.5,True,True,27.540769570683725,25.14742326387605,-0.8390420735824189,-2.0160300582034885,-0.5882925990827959,-1.2858211521263874,-1.5141283227487645,-2.1145499959004943,
AAPL,2025-09-04,239.5477752685547,75.93554243005208,0.01705134801411182,0.1024445832835692,0.0,0.42857142857142855,0.9109517611908388,0.5,False,True,27.045939363043775,24.875266649674078,-4.066226371190574,-5.377238161179021,-0.7923878987729394,-2.8166712658205917,7.235803445607347,3.853477321111809,
GOOGL,2025-09-29,244.0500030517578,49.53431213888375,0.02245441515536834,0.1276053070027412,0.3244259544846349,0.42857142857142855,0.8180222693878209,0.5,True,True,26.533241012850606,24.593282557067834,2.6142141136012986,1.41936226281556,0.040971458093097546,0.13740568174012147,10.333942080125858,7.085388892365963,
TSLA,2025-09-12,395.94000244140625,84.68200759423355,0.033765918754521486,0.20521169612598666,0.0,0.6428571428571429,2.099004717681504,0.5,False,True,26.37631817738394,24.506974997561166,7.609740035618495,6.373056252966491,11.228971859608361,10.279052362523021,4.4324866607955205,4.8248627266189175,
AAPL,2025-09-23,254.18359375,77.40642166746153,0.020260974609060848,0.12753064075462484,0.05969571096465028,0.5714285714285714,0.9983883390616589,0.5,False,True,26.361727786574697,24.498950282616086,0.07861004710238984,-0.36920747747166693,0.8057304713313229,-0.08538590941222779,3.2779098984186517,2.059599591428052,
AAPL,2025-09-24,252.06564331054688,71.28329717197366,0.02086719332691117,0.11384743481302029,0.1477270074853713,0.5,0.7079059146474008,0.5,True,True,26.293473023181434,24.46141016274979,1.2445023643147701,0.13271339252129977,2.2789483427156476,0.4622776107313653,2.433518364557874,1.4200540695255004,
AAPL,2025-09-26,255.2126007080078,71.7924786215072,0.021348053843055326,0.11860532341034635,0.049179637930465,0.5714285714285714,0.7509647771192908,0.5,True,True,26.204714971683323,24.412593234425827,1.0021097582492144,-0.11451025423965255,-3.98888220120841,-2.6592173836475608,2.8810842388856006,0.5496357324909829,
AAPL,2025-09-25,256.6212158203125,75.99586156903044,0.021228089176530903,0.12929684937816655,0.0,0.5714285714285714,0.905604791385795,0.5,False,True,26.204506907630876,24.412478799196982,0.10122531146523617,-1.5962115272799782,-1.1017231135726058,-3.0939707535326044,1.0550051112122816,-1.0284265774103796,
AAPL,2025-09-29,254.18359375,68.5945237209425,0.02060068150657512,0.10986808856771568,0.08827730718626306,0.5714285714285714,0.6536349717522453,0.5,True,True,26.124429998601016,24.36843649923056,0.8882605154369783,-0.3065913353487604,-2.6608495431912793,-2.5644153195442554,5.6518432750380265,2.4032900872781315,
AAPL,2025-09-30,254.38340759277344,68.90486602991196,0.019016395940400728,0.10664780963965059,0.08045893142033272,0.6428571428571429,0.6173640611307378,0.5,True,True,26.06657267303783,24.336614970170807,0.7265492834949372,0.28522674698383543,-2.694107725799666,-2.101173045914484,5.643474933614834,2.5091861359363365,
GOOGL,2025-09-25,245.7899932861328,55.615864942610315,0.022205373055998266,0.14862368003254134,0.2578777282108859,0.42857142857142855,0.760490409474186,0.5,True,True,25.59270451077356,24.075987480925463,-0.040681413994814175,-1.7381182527400285,-1.7331846792789207,-3.7254323192389194,2.965950097258574,0.8825184086359128,
TSLA,2025-09-25,423.3900146484375,61.45481733816645,0.04187290046405359,0.2112687130823232,0.20631700363757216,0.7142857142857143,1.0362873119490301,0.5,False,True,25.0927296521612,23.80100130868866,2.978337919006724,1.2809010802615095,2.8696930669404486,0.8774454269804499,6.044071766581305,3.9606400779586437,
TSLA,2025-09-26,440.3999938964844,68.60844063785981,0.0412044181906507,0.2512700072007501,0.021523905480163988,0.7857142857142857,1.0692649890843713,0.5,False,True,25.002888642913675,23.751588753602523,-2.4000925228675696,-3.5167125353564366,-6.110355139658463,-4.780690322097613,-1.5168012643867912,-3.848249770781409,
GOOGL,2025-09-24,247.13999938964844,59.68088130960422,0.02134896836821763,0.161771491681985,0.19023524217164647,0.5,0.6982153061194173,0.5,True,True,24.86799876462409,23.677399320543252,-0.906371084687263,-2.0181600564807334,-1.0196666985046843,-2.8363374304889666,1.8410629857549488,0.8275986907225752,
TSLA,2025-09-23,425.8500061035156,73.48906038871283,0.03872589955191439,0.23482029938389481,0.08664093225820226,0.7857142857142857,0.9170030798632498,0.5,False,True,24.471981438162835,23.45958979098956,4.431136514437561,3.9833189898635046,1.7001268358829424,0.8090104551393917,3.9333097945121187,2.714999487521519,
GOOGL,2025-09-26,246.5399932861328,57.47267948684359,0.021897350516307524,0.14537109681993732,0.2312118409997809,0.5,0.4614472623327886,0.5,True,True,24.462110353932765,23.454160694663024,-0.4826751095251658,-1.5992951220140328,-4.043962940464175,-2.714298122903325,5.427119536777458,3.0956710303828405,
TSLA,2025-09-29,443.2099914550781,69.68099894912866,0.041673246084183,0.2511799908366008,0.0,0.7857142857142857,0.8370856595000085,0.5,False,True,24.048342638000026,23.226588450900017,2.265293819744474,1.0704419689587352,-1.649330497851531,-1.5528962742045072,2.0780267029674393,-1.1705264847924557,
TSLA,2025-09-18,416.8500061035156,78.6805313843914,0.03808151192234363,0.23346286046645814,0.09313600698049229,0.7142857142857143,1.0150698104921352,0.5,False,True,23.98871491809119,23.193793204950154,1.5689117066482128,1.9291363882216306,4.593977117929771,3.262879547205255,2.8547424066798,2.82279369909606,
TSLA,2025-09-30,444.7200012207031,70.3099837888204,0.041791947982167496,0.2472578162292074,0.0,0.7857142857142857,0.7764996644493468,0.5,False,True,23.805998657797385,23.093299261788562,-2.615129711029307,-3.056452247540409,-3.4808443388733012,-2.8879096589881192,3.5595400541496236,0.4252512564711264,
TSLA,2025-09-24,442.7900085449219,79.32203497620438,0.03901074047844305,0.2741857867794171,0.0,0.7857142857142857,1.0145571282901091,0.5,False,True,23.720940118871383,23.046517065379263,3.764760403003775,2.6529714312103048,-0.9259481976544359,-2.7426189296387182,-0.8627130808059325,-1.876177375838306,
GOOGL,2025-09-23,251.66000366210938,75.74574527487812,0.02106327480381783,0.19032752179548984,0.06844849842685186,0.5714285714285714,0.6590554849823437,0.5,False,True,23.529555618206146,22.941255590013384,-3.4014135873918216,-3.8492311119658784,-2.3444365689492153,-3.235552949692766,-0.47683260382264114,-1.695142910813241,
TSLA,2025-09-19,426.07000732421875,81.42090877795967,0.0365147749467171,0.25213432690753335,0.0,0.7857142857142857,1.0236320389540952,0.5,False,True,23.25351004910605,22.789430527008328,3.363293901455311,3.6465551412074193,0.8824792131368442,0.05228339209077948,3.107468257980428,3.0035052583246458,
GOOGL,2025-09-22,252.52999877929688,79.30683147747018,0.02553391729671823,0.20243470554431586,0.04805260461830515,0.6428571428571429,0.7959535913737616,0.5,False,True,22.907837936444164,22.59931086504429,-3.3580151936524194,-2.884133295082403,-0.8315867871804605,-1.5468945527605915,1.591885729657494,0.9230655092320239,
TSLA,2025-09-22,434.2099914550781,83.57200154591374,0.037580552719720425,0.2670672028937271,0.0,0.8571428571428571,1.0655423634857788,0.5,False,True,22.904889082923813,22.597688995608095,2.0727298259167526,2.546611724486769,4.384977066307716,3.669669300727585,3.0446100920896946,2.3757898716642245,
